{"name": "bruh", "objects": {"1": {"type": "TEXT", "text": "1", "readme": "", "pos": {"x": 0, "y": 0, "z": 0}, "rot": {"x": 0, "y": 0, "z": 0}, "scale": {"x": 0.9881423269442099, "y": 0.9881423269442099, "z": 0.9881423269442099}, "mat": null}, "2": {"type": "TEXT", "text": "2", "readme": "", "pos": {"x": 2.4974999994039533, "y": 1.9994999998807907, "z": 0}, "rot": {"x": 0, "y": 0, "z": 0}, "scale": {"x": 0.9689893889028723, "y": 0.9689893889028723, "z": 0.9689893889028723}, "mat": null}, "car": {"type": "LOAD", "folder": "general", "name": "car", "readme": "", "pos": {"x": 1, "y": 1, "z": 1}, "rot": {"x": 0, "y": 0, "z": 0}, "scale": {"x": 0.0017405380816538, "y": 0.0017405380816538, "z": 0.0017405380816538}, "mat": null}, "ch": {"type": "LOAD", "folder": "general", "name": "cheeseburger", "readme": "", "pos": {"x": 1, "y": 2, "z": 1}, "rot": {"x": 0, "y": 0, "z": 0}, "scale": {"x": 0.0021046219189632762, "y": 0.0021046219189632762, "z": 0.0021046219189632762}, "mat": null}, "frog": {"type": "LOAD", "folder": "general", "name": "frog", "readme": "", "pos": {"x": 2, "y": 1, "z": 1}, "rot": {"x": 0, "y": 0, "z": 0}, "scale": {"x": 0.015327161556365487, "y": 0.015327161556365487, "z": 0.015327161556365487}, "mat": null}, "glove": {"type": "LOAD", "folder": "general", "name": "glovetest", "readme": "", "pos": {"x": -0.1087926791879796, "y": 1.8235655878657564, "z": 1.9149518618265848}, "rot": {"x": 0, "y": 0, "z": 0}, "scale": {"x": 0.0974947841514073, "y": 0.0974947841514073, "z": 0.0974947841514073}, "mat": null}, "def": {"type": "LOAD", "folder": "general", "name": "defimage", "readme": "Here is inline math: $E = mc^2$  \nAnd block math:\n\n$$\n\\int_0^\\infty x^2 \\, dx\n$$\n\nrepeat\\\nrepeat\\\nrepeat\\\nrepeat\\\nrepeat\\\nrepeat\\\nrepeat\\\nrepeat\\\nrepeat\\\nrepeat\\\nrepeat\\\nrepeat\\\nrepeat\\\nrepeat\\\nrepeat\\\nrepeat\\\nrepeat\\\nrepeat\\\nrepeat\\\nrepeat\\\nrepeat\\\nrepeat\\\nrepeat\\\nrepeat\\\nrepeat\\\nrepeat\\\nrepeat\\\nrepeat\\\nrepeat\\\nrepeat\\\nrepeat\\\nrepeat\\\nrepeat\\\nrepeat\\\nrepeat\\\nrepeat\\\nrepeat\\\nrepeat\\\nrepeat\\\nrepeat\\\nrepeat\\\nrepeat\\\nrepeat\\\nrepeat\\\nrepeat\\", "pos": {"x": 0, "y": 2.249000000357628, "z": 13.232999976277332}, "rot": {"x": 0, "y": 0, "z": 0}, "scale": {"x": 13.131999999046323, "y": 9.00480000019073, "z": 0.29373600057125154}, "mat": null}, "def2": {"type": "LOAD", "folder": "general", "name": "defimage", "readme": "", "pos": {"x": -1.9669441365417453, "y": 0, "z": 2.967444136064908}, "rot": {"x": 0, "y": 0, "z": 0}, "scale": {"x": 1, "y": 1, "z": 1}, "mat": null}, "gt2": {"type": "LOAD", "folder": "general", "name": "glovetest", "readme": "", "pos": {"x": -1.6907023287017187, "y": 2.9885655878657587, "z": 1.4644817848987235}, "rot": {"x": 0, "y": 0, "z": 0}, "scale": {"x": 0.0974947841514073, "y": 0.0974947841514073, "z": 0.0974947841514073}, "mat": null}, "frog2": {"type": "LOAD", "folder": "general", "name": "frog", "readme": "", "pos": {"x": -2.167999999523163, "y": 0, "z": 0}, "rot": {"x": 0, "y": 0, "z": 0}, "scale": {"x": 0.015327161556365487, "y": 0.015327161556365487, "z": 0.015327161556365487}, "mat": null}, "car2": {"type": "LOAD", "folder": "general", "name": "car", "readme": "", "pos": {"x": 3, "y": 1, "z": 2}, "rot": {"x": 0, "y": 0, "z": 0}, "scale": {"x": 0.0017405380816538, "y": 0.0017405380816538, "z": 0.0017405380816538}, "mat": null}, "ch2": {"type": "LOAD", "folder": "general", "name": "cheeseburger", "readme": "", "pos": {"x": 4, "y": 2, "z": 3}, "rot": {"x": 0, "y": 0, "z": 0}, "scale": {"x": 0.0021046219189632762, "y": 0.0021046219189632762, "z": 0.0021046219189632762}, "mat": null}}, "connections": [{"name1": "1", "name2": "2"}], "tps": {}, "last_rot": {"x": -0.274675423415484, "y": -0.1407349305949127, "z": 0.9511819442577587}, "last_pos": {"x": 6.628874778747559, "y": 1.398862600326538, "z": 7.499053478240967}, "cust_vars": {}, "glob_speed_mult": 1, "ground_height": 100, "ground_width": 100}