{"name": "tewst", "objects": {"1": {"type": "TEXT", "text": "test", "readme": "# hello there", "pos": {"x": 0.14000055409755022, "y": 3.9206666439488806, "z": -1.0695626584272404}, "rot": {"x": 0, "y": 0, "z": 0}, "scale": {"x": 0.31426774030448645, "y": 0.31426774030448645, "z": 0.31426774030448645}, "mat": 16777215}}, "connections": [], "tps": {}, "last_rot": {"x": -0.5827722312794364, "y": -0.9025001745602732, "z": -0.47742571059024125}, "last_pos": {"x": -13.235513687133789, "y": 1.3988622426986694, "z": 11.937237739562988}, "cust_vars": {}, "glob_speed_mult": 1, "ground_height": 100, "ground_width": 100}