{"name": "tewst", "objects": {"1": {"type": "TEXT", "text": "test", "readme": "# hello there", "pos": {"x": 0.14000055409755022, "y": 3.9206666439488806, "z": -1.0695626584272404}, "rot": {"x": 0, "y": 0, "z": 0}, "scale": {"x": 0.31426774030448645, "y": 0.31426774030448645, "z": 0.31426774030448645}, "mat": 16777215}}, "connections": [], "tps": {}, "last_rot": {"x": 0.386822788438212, "y": -0.1588347405989015, "z": 0.908371980811697}, "last_pos": {"x": -0.4758766293525696, "y": 1.398861050605774, "z": -14.055961608886719}, "cust_vars": {}, "glob_speed_mult": 1, "ground_height": 100, "ground_width": 100}