{"name": "tewst", "objects": {"1": {"type": "TEXT", "text": "test", "readme": "#!/worldz/sector\n\nawait new Promise((resolve) => setTimeout(resolve, 5000));\n\nconsole.log(\"hey\");\n\nreturn [];", "pos": {"x": 0.14000055409755022, "y": 3.9206666439488806, "z": -1.0695626584272404}, "rot": {"x": 0, "y": 0, "z": 0}, "scale": {"x": 0.31426774030448645, "y": 0.31426774030448645, "z": 0.31426774030448645}, "mat": 16777215}, "cc": {"type": "LOAD", "folder": "general", "name": "cube", "readme": "hello there", "pos": {"x": -0.14054716870483697, "y": 4.557843805028858, "z": 3.290020678035474}, "rot": {"x": 0, "y": 0, "z": 0}, "scale": {"x": 0.1048992764825465, "y": 0.1048992764825465, "z": 0.1048992764825465}, "mat": null}}, "connections": [], "tps": {}, "last_rot": {"x": 0.9489290606439954, "y": -0.27497531674912956, "z": 0.15466807377096448}, "last_pos": {"x": -15.2764892578125, "y": 26.50147819519043, "z": -2.591432571411133}, "cust_vars": {}, "glob_speed_mult": 3, "ground_height": 100, "ground_width": 100}